COD_CIUDAD_MUNI,CIUDAD_MUNICIPIO,Amenaza,Desplazamiento forzado,Homicidio
0.0,SIN DEFINIR,952.0,5160.725,6463.829
5.001,Medellin,4719.378,15764.119,5792.28
5.002,Abejorral,553.0,4317.233,1133.0
5.004,Abriaqui,68.0,2037.0,354.0
5.021,Alejandria,197.0,3733.636,678.0
5.03,Amaga,396.0,2269.0,1185.0
5.031,Amalfi,1320.0,3947.535,2134.0
5.034,Andes,853.0,4450.084,2741.0
5.036,Angelopolis,143.0,1903.0,356.0
5.038,Angostura,436.0,4710.0,818.0
5.04,Anori,1096.0,6218.987,1644.0
5.042,Santafe De Antioquia,370.0,4302.0,1272.0
5.044,Anza,229.0,4027.024,799.0
5.045,Apartado,4349.0,11915.702,2953.623
5.051,Arboletes,763.0,7782.387,1386.0
5.055,Argelia,1089.0,3016.098,1946.0
5.059,Armenia,197.0,821.0,288.0
5.079,Barbosa,661.0,3888.081,2317.0
5.086,Belmira,116.0,714.0,298.0
5.088,Bello,2006.0,5301.694,1787.618
5.091,Betania,562.0,3587.0,1050.0
5.093,Betulia,769.0,5325.2519999999995,1476.0
5.101,Ciudad Bolivar,687.0,4412.145,2317.0
5.107,BriceÃ±o,2410.0,4303.134,1016.0
5.113,Buritica,547.0,4473.885,413.0
5.12,Caceres,4413.046,8789.447,2145.0
5.125,Caicedo,357.0,3733.0,860.0
5.129,Caldas,291.0,1888.0,1937.0
5.134,Campamento,1093.0,3601.007,1359.0
5.138,CaÃ±asgordas,743.0,4101.919,1874.0
5.142,Caracoli,231.0,1223.0,398.0
5.145,Caramanta,130.0,827.0,454.0
5.147,Carepa,1867.0,6331.366,3280.004
5.148,El Carmen De Viboral,251.0,4192.225,2780.0
5.15,Carolina,43.0,498.0,266.0
5.154,Caucasia,4265.258,7768.794,3132.0
5.172,Chigorodo,2364.0,10924.236,4301.323
5.19,Cisneros,115.0,1356.0,895.0
5.197,Cocorna,674.0,4341.191,3211.0
5.206,Concepcion,111.0,3526.0,513.0
5.209,Concordia,1021.0,3890.064,1288.0
5.212,Copacabana,127.0,1176.0,1870.0
5.234,Dabeiba,3059.0,7774.489,3941.0
5.237,Donmatias,158.0,674.0,514.0
5.24,Ebejico,218.0,1333.0,498.0
5.25,El Bagre,4888.0,10985.431,1510.0
5.264,Entrerrios,34.0,275.0,163.0
5.266,Envigado,177.0,699.0,2281.0
5.282,Fredonia,131.0,990.0,862.0
5.284,Frontino,830.0,8736.25,2071.0
5.306,Giraldo,201.0,953.0,341.0
5.308,Girardota,169.0,1310.0,1445.0
5.31,Gomez Plata,124.0,943.0,480.0
5.313,Granada,919.0,4871.2,2814.0
5.315,Guadalupe,197.0,1641.0,643.0
5.318,Guarne,181.0,1437.0,1624.0
5.321,Guatape,99.0,2128.0,434.0
5.347,Heliconia,169.0,2217.0,507.0
5.353,Hispania,63.0,377.0,349.0
5.36,Itagui,911.0,4545.277,1029.964
5.361,Ituango,3676.124,4961.381,3401.0
5.364,Jardin,263.0,1930.0,1242.0
5.368,Jerico,38.0,342.0,288.0
5.376,La Ceja,133.0,2592.0,2449.0
5.38,La Estrella,224.0,855.0,1395.0
5.39,La Pintada,202.0,1203.0,440.0
5.4,La Union,182.0,5263.626,1502.0
5.411,Liborina,709.0,3783.373,685.0
5.425,Maceo,641.0,3163.0,1146.0
5.44,Marinilla,241.0,4324.0,1895.0
5.467,Montebello,163.0,3949.087,613.0
5.475,Murindo,502.0,6084.0,126.0
5.48,Mutata,2211.0,11560.441,2859.0
5.483,NariÃ±o,880.0,3682.093,1777.0
5.49,Necocli,1464.0,7780.628,2649.0
5.495,Nechi,1309.0,6652.1630000000005,685.0
5.501,Olaya,95.0,513.0,325.0
5.541,PeÃ±ol,244.0,3688.468,1083.0
5.543,Peque,454.0,4125.641,950.0
5.576,Pueblorrico,146.0,1668.0,601.0
5.579,Puerto Berrio,1610.0,4688.982,3149.064
5.585,Puerto Nare,267.0,2870.0,1187.0
5.591,Puerto Triunfo,210.0,2388.0,947.0
5.604,Remedios,1650.0,5871.198,3702.0
5.607,Retiro,38.0,746.0,740.0
5.615,Rionegro,319.0,2402.0,2771.163
5.628,Sabanalarga,1513.0,4739.745,648.0
5.631,Sabaneta,96.0,433.0,443.0
5.642,Salgar,1189.0,3961.432,1961.0
5.647,San Andres De Cuerquia,882.0,4638.0,836.0
5.649,San Carlos,871.0,4698.258,2153.096
5.652,San Francisco,485.0,4219.125,1436.0
5.656,San Jeronimo,116.0,1184.0,1015.0
5.658,San Jose De La MontaÃ±a,133.0,1123.0,233.0
5.659,San Juan De Uraba,532.0,8060.262,631.0
5.66,San Luis,453.0,4587.813,2298.0
5.664,San Pedro De Los Milagros,230.0,5641.739,812.0
5.665,San Pedro De Uraba,744.0,7735.115,1358.0
5.667,San Rafael,610.0,4860.257,2376.0
5.67,San Roque,468.0,4043.246,1853.0
5.674,San Vicente,507.0,4524.041,953.0
5.679,Santa Barbara,224.0,3524.0,1491.0
5.686,Santa Rosa De Osos,426.0,2707.0,1382.0
5.69,Santo Domingo,375.0,4113.105,2240.0
5.697,El Santuario,272.0,4270.206,1930.0
5.736,Segovia,3623.0,7578.417,2691.599
5.756,Sonson,932.0,3992.177,3349.0
5.761,Sopetran,233.0,1632.0,1561.0
5.789,Tamesis,212.0,2207.0,1179.0
5.79,Taraza,4993.107,8226.895,2310.236
5.792,Tarso,109.0,615.0,365.0
5.809,Titiribi,120.0,762.0,730.0
5.819,Toledo,787.0,4902.0,762.0
5.837,Turbo,6410.0,12527.38,3624.83
5.842,Uramita,398.0,4587.799,1208.0
5.847,Urrao,1659.0,9790.682,1851.093
5.854,Valdivia,2534.0,6168.644,3430.0
5.856,Valparaiso,67.0,545.0,331.0
5.858,Vegachi,781.0,4002.4610000000002,1740.0
5.861,Venecia,222.0,1170.0,494.0
5.873,Vigia Del Fuerte,530.0,8938.047,240.0
5.885,Yali,199.0,2187.0,1036.0
5.887,Yarumal,1827.0,4357.61,2471.02
5.89,Yolombo,591.0,4645.021,2674.0
5.893,Yondo,614.0,6564.624,955.0
5.895,Zaragoza,2010.0,9367.404,1547.0
8.001,Barranquilla,1653.0,5895.291,2528.57
8.078,Baranoa,86.0,782.0,323.0
8.137,Campo De La Cruz,28.0,203.0,55.0
8.141,Candelaria,0.0,90.0,33.0
8.296,Galapa,49.0,693.0,183.0
8.372,Juan De Acosta,14.0,125.0,60.0
8.421,Luruaco,160.0,940.0,342.0
8.433,Malambo,253.0,1513.0,514.0
8.436,Manati,26.0,222.0,45.0
8.52,Palmar De Varela,16.0,148.0,28.0
8.549,Piojo,31.0,527.0,34.0
8.558,Polonuevo,8.0,205.0,98.0
8.56,Ponedera,36.0,262.0,197.0
8.573,Puerto Colombia,49.0,234.0,125.0
8.606,Repelon,54.0,1499.0,190.0
8.634,Sabanagrande,83.0,636.0,189.0
8.638,Sabanalarga,105.0,1204.0,679.0
8.675,Santa Lucia,6.0,172.0,38.0
8.685,Santo Tomas,37.0,242.0,159.0
8.758,Soledad,771.0,4234.0,2199.0
8.77,Suan,20.0,141.0,31.0
8.832,Tubara,15.0,249.0,134.0
8.849,Usiacuri,5.0,40.0,35.0
11.001,"Bogota, D.C.",4801.0,6755.553,3169.326
13.001,Cartagena,1469.0,8001.627,3300.0
13.006,Achi,2545.0,5718.129,371.0
13.03,Altos Del Rosario,291.0,6439.449,161.0
13.042,Arenal,920.0,6346.244,332.0
13.052,Arjona,430.0,3330.0,601.0
13.062,Arroyohondo,115.0,1298.0,109.0
13.074,Barranco De Loba,1176.0,6629.634,389.0
13.14,Calamar,738.0,4773.064,544.0
13.16,Cantagallo,342.0,5978.778,277.0
13.188,Cicuco,65.0,1018.0,31.0
13.212,Cordoba,469.0,5810.127,923.0
13.222,Clemencia,138.0,1722.0,123.0
13.244,El Carmen De Bolivar,2402.0,12430.306,2483.322
13.248,El Guamo,360.0,4478.005,230.0
13.268,El PeÃ±on,196.0,2599.0,50.0
13.3,Hatillo De Loba,119.0,1301.0,58.0
13.43,Magangue,1369.0,4383.701,1214.0
13.433,Mahates,478.0,6711.0,303.0
13.44,Margarita,119.0,1111.0,157.0
13.442,Maria La Baja,1773.0,6533.143,1046.0
13.458,Montecristo,3277.0,7300.176,420.0
13.468,Mompos,253.0,3974.0,408.0
13.473,Morales,1251.0,4165.251,666.0
13.49,Norosi,866.0,4686.261,165.0
13.549,Pinillos,457.0,4505.073,143.0
13.58,Regidor,141.0,4040.0,107.0
13.6,Rio Viejo,481.0,6823.43,219.0
13.62,San Cristobal,37.0,824.0,93.0
13.647,San Estanislao,110.0,1686.0,107.0
13.65,San Fernando,35.0,762.0,66.0
13.654,San Jacinto,870.0,7972.687,1298.0
13.655,San Jacinto Del Cauca,352.0,4885.0,187.0
13.657,San Juan Nepomuceno,818.0,5934.407,1311.0
13.667,San Martin De Loba,969.0,5567.08,411.0
13.67,San Pablo,1612.0,5618.699,1952.0
13.673,Santa Catalina,87.0,1177.0,161.0
13.683,Santa Rosa,856.0,5944.478,660.0
13.688,Santa Rosa Del Sur,1983.0,5696.5380000000005,838.0
13.744,Simiti,1266.0,3644.982,1041.0
13.76,Soplaviento,44.0,345.0,39.0
13.78,Talaigua Nuevo,51.0,913.0,60.0
13.81,Tiquisio,1103.0,6501.204,575.0
13.836,Turbaco,328.0,3964.0,672.0
13.838,Turbana,127.0,934.0,230.0
13.873,Villanueva,229.0,5657.049,453.0
13.894,Zambrano,694.0,9156.223,725.0
15.001,Tunja,82.0,358.0,215.0
15.022,Almeida,7.0,51.0,31.0
15.047,Aquitania,92.0,973.0,243.0
15.051,Arcabuco,2.0,10.0,14.0
15.087,Belen,40.0,196.0,109.0
15.09,Berbeo,21.0,158.0,38.0
15.092,Beteitiva,0.0,21.0,3.0
15.097,Boavita,2.0,112.0,19.0
15.104,Boyaca,18.0,268.0,23.0
15.106,BriceÃ±o,7.0,124.0,59.0
15.109,Buenavista,5.0,160.0,46.0
15.114,Busbanza,0.0,4.0,0.0
15.131,Caldas,1.0,23.0,21.0
15.135,Campohermoso,40.0,677.0,104.0
15.162,Cerinza,2.0,36.0,11.0
15.172,Chinavita,9.0,127.0,23.0
15.176,Chiquinquira,42.0,459.0,135.0
15.18,Chiscas,174.0,736.0,149.0
15.183,Chita,178.0,1444.0,348.0
15.185,Chitaraque,4.0,163.0,10.0
15.187,Chivata,0.0,7.0,0.0
15.189,Cienega,2.0,8.0,10.0
15.204,Combita,1.0,17.0,2.0
15.212,Coper,8.0,113.0,32.0
15.215,Corrales,4.0,0.0,2.0
15.218,Covarachia,41.0,270.0,68.0
15.223,Cubara,152.0,1029.0,294.0
15.224,Cucaita,6.0,16.0,2.0
15.226,Cuitiva,2.0,17.0,8.0
15.232,Chiquiza,1.0,10.0,0.0
15.236,Chivor,33.0,342.0,75.0
15.238,Duitama,68.0,376.0,272.0
15.244,El Cocuy,90.0,425.0,170.0
15.248,El Espino,82.0,323.0,61.0
15.272,Firavitoba,0.0,9.0,8.0
15.276,Floresta,9.0,11.0,0.0
15.293,Gachantiva,1.0,16.0,9.0
15.296,Gameza,5.0,78.0,13.0
15.299,Garagoa,37.0,259.0,121.0
15.317,Guacamayas,6.0,73.0,13.0
15.322,Guateque,18.0,198.0,75.0
15.325,Guayata,6.0,157.0,48.0
15.332,Guican,104.0,432.0,134.0
15.362,Iza,0.0,25.0,12.0
15.367,Jenesano,0.0,36.0,0.0
15.368,Jerico,46.0,296.0,37.0
15.377,Labranzagrande,205.0,1704.0,425.0
15.38,La Capilla,5.0,46.0,2.0
15.401,La Victoria,14.0,67.0,39.0
15.403,La Uvita,22.0,135.0,28.0
15.407,Villa De Leyva,2.0,13.0,0.0
15.425,Macanal,20.0,199.0,97.0
15.442,Maripi,45.0,590.0,147.0
15.455,Miraflores,314.0,945.0,144.0
15.464,Mongua,25.0,289.0,62.0
15.466,Mongui,5.0,21.0,0.0
15.469,Moniquira,30.0,286.0,149.0
15.476,Motavita,6.0,11.0,0.0
15.48,Muzo,126.0,1279.0,473.0
15.491,Nobsa,6.0,47.0,12.0
15.494,Nuevo Colon,1.0,42.0,7.0
15.5,Oicata,0.0,6.0,0.0
15.507,Otanche,165.0,1847.0,640.0
15.511,Pachavita,1.0,15.0,24.0
15.514,Paez,202.0,2023.0,184.0
15.516,Paipa,10.0,89.0,38.0
15.518,Pajarito,154.0,1051.0,235.0
15.522,Panqueba,8.0,93.0,30.0
15.531,Pauna,102.0,814.0,549.0
15.533,Paya,101.0,754.0,117.0
15.537,Paz De Rio,6.0,85.0,11.0
15.542,Pesca,14.0,166.0,47.0
15.55,Pisba,57.0,563.0,100.0
15.572,Puerto Boyaca,734.0,5154.199,1481.0
15.58,Quipama,41.0,449.0,124.0
15.599,Ramiriqui,7.0,144.0,8.0
15.6,Raquira,5.0,11.0,5.0
15.621,Rondon,4.0,76.0,2.0
15.632,Saboya,3.0,54.0,24.0
15.638,Sachica,0.0,12.0,0.0
15.646,Samaca,18.0,81.0,0.0
15.66,San Eduardo,67.0,302.0,35.0
15.664,San Jose De Pare,3.0,74.0,20.0
15.667,San Luis De Gaceno,77.0,832.0,198.0
15.673,San Mateo,26.0,539.0,69.0
15.676,San Miguel De Sema,0.0,7.0,12.0
15.681,San Pablo De Borbur,81.0,890.0,385.0
15.686,Santana,14.0,180.0,43.0
15.69,Santa Maria,25.0,315.0,131.0
15.693,Santa Rosa De Viterbo,4.0,49.0,9.0
15.696,Santa Sofia,9.0,20.0,0.0
15.72,Sativanorte,24.0,123.0,28.0
15.723,Sativasur,2.0,28.0,0.0
15.74,Siachoque,0.0,25.0,0.0
15.753,Soata,10.0,178.0,6.0
15.755,Socota,57.0,794.0,189.0
15.757,Socha,48.0,309.0,44.0
15.759,Sogamoso,141.0,615.0,325.0
15.761,Somondoco,0.0,87.0,44.0
15.762,Sora,0.0,3.0,0.0
15.763,Sotaquira,7.0,29.0,0.0
15.764,Soraca,3.0,15.0,0.0
15.774,Susacon,3.0,160.0,101.0
15.776,Sutamarchan,0.0,12.0,0.0
15.778,Sutatenza,1.0,18.0,7.0
15.79,Tasco,6.0,78.0,32.0
15.798,Tenza,0.0,6.0,0.0
15.804,Tibana,0.0,55.0,2.0
15.806,Tibasosa,8.0,13.0,50.0
15.808,Tinjaca,0.0,5.0,14.0
15.81,Tipacoque,0.0,29.0,27.0
15.814,Toca,7.0,15.0,3.0
15.816,Togui,5.0,74.0,28.0
15.82,Topaga,9.0,20.0,0.0
15.822,Tota,2.0,20.0,16.0
15.832,Tunungua,15.0,78.0,26.0
15.835,Turmeque,0.0,12.0,4.0
15.837,Tuta,3.0,28.0,0.0
15.839,Tutaza,20.0,116.0,48.0
15.842,Umbita,6.0,90.0,15.0
15.861,Ventaquemada,1.0,39.0,16.0
15.879,Viracacha,0.0,6.0,1.0
15.897,Zetaquira,66.0,256.0,45.0
17.001,Manizales,336.0,4070.0,1918.0
17.013,Aguadas,201.0,3748.0,1030.0
17.042,Anserma,332.0,4393.0,1693.0
17.05,Aranzazu,65.0,775.0,390.0
17.088,Belalcazar,112.0,628.0,359.0
17.174,Chinchina,135.0,1615.0,895.0
17.272,Filadelfia,77.0,856.0,417.0
17.38,La Dorada,561.0,4609.0,3012.0
17.388,La Merced,161.0,1101.0,314.0
17.433,Manzanares,143.0,3262.0,589.0
17.442,Marmato,66.0,633.0,292.0
17.444,Marquetalia,225.0,4344.835,411.0
17.446,Marulanda,304.0,2077.0,166.0
17.486,Neira,91.0,1557.0,548.0
17.495,Norcasia,195.0,3797.0879999999997,177.0
17.513,Pacora,61.0,1664.0,256.0
17.524,Palestina,95.0,987.0,763.0
17.541,Pensilvania,1933.0,5285.854,1821.0
17.614,Riosucio,568.0,8271.677,2167.0
17.616,Risaralda,122.0,940.0,580.0
17.653,Salamina,210.0,3722.0,708.0
17.662,Samana,1387.0,4409.53,2759.0
17.665,San Jose,30.0,425.0,81.0
17.777,Supia,155.0,1930.0,1419.0
17.867,Victoria,141.0,1360.0,378.0
17.873,Villamaria,208.0,932.0,414.0
17.877,Viterbo,105.0,737.0,879.0
18.001,Florencia,3057.317,5640.551,1962.627
18.029,Albania,1099.0,4522.095,743.0
18.094,Belen De Los Andaquies,2071.0,4492.5199999999995,1089.0
18.15,Cartagena Del Chaira,3618.52,5879.266,2251.0
18.205,Curillo,1634.0,7026.364,2346.0
18.247,El Doncello,1856.0,5760.5380000000005,2105.0
18.256,El Paujil,1560.0,5256.387,1870.0
18.41,La MontaÃ±ita,3236.017,3398.152,2287.0
18.46,Milan,1927.0,5468.235,1430.0
18.479,Morelia,449.0,3714.0,553.0
18.592,Puerto Rico,4040.0,4040.723,3504.0
18.61,San Jose Del Fragua,2327.0,5934.546,1747.0
18.753,San Vicente Del Caguan,5059.785,7278.283,1935.046
18.756,Solano,2461.0,7516.772,1071.0
18.785,Solita,1247.0,6257.954,1449.0
18.86,Valparaiso,1326.0,6523.655,1783.0
19.001,Popayan,1746.0,5384.843,2128.289
19.022,Almaguer,1126.0,5747.749,1286.0
19.05,Argelia,4421.766,6416.196,3276.0
19.075,Balboa,1629.0,5739.396,2492.0
19.1,Bolivar,2332.0,7567.18,2787.643
19.11,Buenos Aires,3393.0,15805.652,1399.0
19.13,Cajibio,2166.0,7478.888,1277.0
19.137,Caldono,968.0,7483.0,898.0
19.142,Caloto,1686.0,11070.0,2099.0
19.212,Corinto,2352.0,9315.925,4148.0
19.256,El Tambo,4222.113,8752.272,2969.023
19.29,Florencia,383.0,2091.0,499.0
19.3,Guachene,398.0,738.0,221.0
19.318,Guapi,4818.0,8886.068,569.0
19.355,Inza,1043.0,4308.0,406.0
19.364,Jambalo,2450.0,6206.135,490.0
19.392,La Sierra,718.0,4231.0,793.0
19.397,La Vega,1583.0,9227.423,1655.0
19.418,Lopez,1202.0,8369.507,379.0
19.45,Mercaderes,1020.0,6088.244,2928.0
19.455,Miranda,1337.0,7993.085,2120.0
19.473,Morales,2091.0,10585.319,667.0
19.513,Padilla,249.0,615.0,230.0
19.517,Paez,1234.0,8447.0,819.0
19.532,Patia,2010.0,8141.68,3955.0
19.533,Piamonte,1414.0,5438.308,792.0
19.548,Piendamo,753.0,3275.0,561.0
19.573,Puerto Tejada,661.0,3106.0,1951.0
19.585,Purace,287.0,2306.0,388.0
19.622,Rosas,573.0,4046.0,807.0
19.693,San Sebastian,880.0,4211.0,481.0
19.698,Santander De Quilichao,2634.0,9229.904,3271.0370000000003
19.701,Santa Rosa,975.0,5627.028,477.0
19.743,Silvia,553.0,3023.0,551.0
19.76,Sotara,449.0,2770.0,484.0
19.78,Suarez,2115.0,17361.202,881.0
19.785,Sucre,614.0,3763.0,648.0
19.807,Timbio,1092.0,4608.4890000000005,1378.0
19.809,Timbiqui,3033.0,12931.083,320.0
19.821,Toribio,1531.0,8703.653,1225.0
19.824,Totoro,401.0,1535.0,232.0
19.845,Villa Rica,221.0,668.0,231.0
20.001,Valledupar,2560.0,15550.261,3567.431
20.011,Aguachica,1019.0,5584.532,2803.0969999999998
20.013,Agustin Codazzi,929.0,6672.154,2988.054
20.032,Astrea,306.0,4234.907,805.0
20.045,Becerril,644.0,8497.396,1591.0
20.06,Bosconia,294.0,5291.749,1637.0
20.175,Chimichagua,883.0,5591.249,1018.0
20.178,Chiriguana,1913.0,5861.294,1210.0
20.228,Curumani,848.0,8549.172,2725.0
20.238,El Copey,507.0,6735.862,2167.0
20.25,El Paso,843.0,5318.255,1049.0
20.295,Gamarra,151.0,2331.0,558.0
20.31,Gonzalez,184.0,1027.0,147.0
20.383,La Gloria,430.0,4703.861,974.0
20.4,La Jagua De Ibirico,429.0,8961.918,2070.0
20.443,Manaure,259.0,4168.0,285.0
20.517,Pailitas,1638.0,7953.475,1524.0
20.55,Pelaya,919.0,5624.274,1609.0
20.57,Pueblo Bello,221.0,7696.648,1098.0
20.614,Rio De Oro,202.0,2669.0,663.0
20.621,La Paz,789.0,5273.941,1329.0
20.71,San Alberto,357.0,5769.605,1658.0
20.75,San Diego,442.0,5346.505,1331.0
20.77,San Martin,292.0,4404.186,1344.0
20.787,Tamalameque,588.0,3860.0,459.0
23.001,Monteria,3294.0,7582.7880000000005,1642.4660000000001
23.068,Ayapel,2386.0,6171.479,726.0
23.079,Buenavista,480.0,4703.118,798.0
23.09,Canalete,442.0,5289.843,789.0
23.162,Cerete,656.0,2983.0,747.0
23.168,Chima,189.0,962.0,162.0
23.182,Chinu,149.0,3343.0,598.0
23.189,Cienaga De Oro,399.0,2400.0,514.0
23.3,Cotorra,44.0,500.0,67.0
23.35,La Apartada,374.0,3477.0,279.0
23.417,Lorica,960.0,5839.272,766.0
23.419,Los Cordobas,216.0,4796.0,558.0
23.464,Momil,98.0,958.0,169.0
23.466,Montelibano,4207.0,11988.677,2465.0
23.5,MoÃ±itos,582.0,4942.0,191.0
23.555,Planeta Rica,1481.0,6655.02,1727.0
23.57,Pueblo Nuevo,513.0,4856.338,550.0
23.574,Puerto Escondido,264.0,3891.0,241.0
23.58,Puerto Libertador,2356.0,11112.842,1842.0
23.586,Purisima,90.0,603.0,147.0
23.66,Sahagun,353.0,3280.0,824.0
23.67,San Andres Sotavento,147.0,4579.0,551.0
23.672,San Antero,312.0,2093.0,344.0
23.675,San Bernardo Del Viento,857.0,5234.0,293.0
23.678,San Carlos,367.0,2373.0,273.0
23.682,San Jose de Ure,2033.0,9853.004,407.0
23.686,San Pelayo,198.0,3748.0,728.0
23.807,Tierralta,3453.0,16911.382,2418.089
23.815,Tuchin,265.0,1508.0,137.0
23.855,Valencia,1141.0,9506.446,1556.0
25.001,Agua De Dios,10.0,354.0,174.0
25.019,Alban,40.0,784.0,167.0
25.035,Anapoima,37.0,366.0,75.0
25.04,Anolaima,22.0,506.0,113.0
25.053,Arbelaez,66.0,1185.0,203.0
25.086,Beltran,41.0,587.0,109.0
25.095,Bituima,13.0,341.0,91.0
25.099,Bojaca,1.0,74.0,47.0
25.12,Cabrera,170.0,2318.0,182.0
25.123,Cachipay,25.0,221.0,32.0
25.126,Cajica,23.0,131.0,35.0
25.148,Caparrapi,231.0,4712.964,840.0
25.151,Caqueza,26.0,290.0,94.0
25.154,Carmen De Carupa,0.0,51.0,2.0
25.168,Chaguani,146.0,1533.0,231.0
25.175,Chia,38.0,124.0,79.0
25.178,Chipaque,22.0,242.0,114.0
25.181,Choachi,14.0,90.0,20.0
25.183,Choconta,1.0,103.0,26.0
25.2,Cogua,0.0,18.0,3.0
25.214,Cota,10.0,33.0,28.0
25.224,Cucunuba,2.0,15.0,0.0
25.245,El Colegio,63.0,1192.0,191.0
25.258,El PeÃ±on,99.0,3075.0,327.0
25.26,El Rosal,9.0,45.0,6.0
25.269,Facatativa,63.0,433.0,196.0
25.279,Fomeque,9.0,247.0,41.0
25.281,Fosca,7.0,224.0,25.0
25.286,Funza,54.0,141.0,20.0
25.288,Fuquene,0.0,5.0,4.0
25.29,Fusagasuga,304.0,2638.0,938.0
25.293,Gachala,46.0,682.0,126.0
25.295,Gachancipa,10.0,14.0,0.0
25.297,Gacheta,44.0,567.0,172.0
25.299,Gama,10.0,172.0,69.0
25.307,Girardot,109.0,787.0,259.0
25.312,Granada,27.0,184.0,48.0
25.317,Guacheta,15.0,79.0,24.0
25.32,Guaduas,151.0,2135.0,693.0
25.322,Guasca,4.0,84.0,42.0
25.324,Guataqui,19.0,148.0,0.0
25.326,Guatavita,4.0,28.0,16.0
25.328,Guayabal De Siquima,51.0,930.0,215.0
25.335,Guayabetal,59.0,1512.0,138.0
25.339,Gutierrez,53.0,807.0,122.0
25.368,Jerusalen,44.0,464.0,70.0
25.372,Junin,29.0,424.0,74.0
25.377,La Calera,8.0,162.0,32.0
25.386,La Mesa,69.0,893.0,221.0
25.394,La Palma,586.0,3170.505,1200.0
25.398,La PeÃ±a,308.0,1716.0,242.0
25.402,La Vega,10.0,217.0,63.0
25.407,Lenguazaque,10.0,27.0,4.0
25.426,Macheta,3.0,207.0,60.0
25.43,Madrid,43.0,141.0,40.0
25.436,Manta,0.0,139.0,22.0
25.438,Medina,363.0,3748.326,752.0
25.473,Mosquera,62.0,165.0,55.0
25.483,NariÃ±o,13.0,77.0,1.0
25.486,Nemocon,3.0,17.0,10.0
25.488,Nilo,19.0,98.0,38.0
25.489,Nimaima,29.0,397.0,95.0
25.491,Nocaima,7.0,175.0,38.0
25.506,Venecia,80.0,1208.0,172.0
25.513,Pacho,94.0,1380.0,390.0
25.518,Paime,95.0,1145.0,261.0
25.524,Pandi,70.0,1630.0,64.0
25.53,Paratebueno,139.0,1608.0,521.0
25.535,Pasca,118.0,1109.0,103.0
25.572,Puerto Salgar,50.0,730.0,284.0
25.58,Puli,61.0,1693.0,151.0
25.592,Quebradanegra,17.0,950.0,149.0
25.594,Quetame,5.0,205.0,28.0
25.596,Quipile,89.0,1977.0,339.0
25.599,Apulo,42.0,491.0,81.0
25.612,Ricaurte,5.0,64.0,57.0
25.645,San Antonio Del Tequendama,14.0,257.0,73.0
25.649,San Bernardo,32.0,780.0,117.0
25.653,San Cayetano,26.0,318.0,61.0
25.658,San Francisco,6.0,138.0,46.0
25.662,San Juan De Rio Seco,163.0,3040.0,321.0
25.718,Sasaima,49.0,763.0,134.0
25.736,Sesquile,13.0,64.0,24.0
25.74,Sibate,62.0,343.0,104.0
25.743,Silvania,228.0,3798.0,853.0
25.745,Simijaca,2.0,69.0,0.0
25.754,Soacha,710.0,4254.0,1440.0
25.758,Sopo,14.0,69.0,16.0
25.769,Subachoque,10.0,55.0,6.0
25.772,Suesca,9.0,11.0,8.0
25.777,Supata,12.0,115.0,65.0
25.779,Susa,2.0,20.0,0.0
25.781,Sutatausa,1.0,0.0,0.0
25.785,Tabio,0.0,33.0,13.0
25.793,Tausa,2.0,23.0,21.0
25.797,Tena,6.0,154.0,25.0
25.799,Tenjo,8.0,45.0,28.0
25.805,Tibacuy,179.0,1586.0,181.0
25.807,Tibirita,2.0,58.0,10.0
25.815,Tocaima,38.0,730.0,150.0
25.817,Tocancipa,11.0,38.0,43.0
25.823,Topaipi,449.0,3498.0,353.0
25.839,Ubala,111.0,1019.0,203.0
25.841,Ubaque,19.0,244.0,56.0
25.843,Villa De San Diego De Ubate,9.0,103.0,41.0
25.845,Une,168.0,483.0,71.0
25.851,Utica,57.0,771.0,188.0
25.862,Vergara,87.0,1163.0,434.0
25.867,Viani,34.0,666.0,108.0
25.871,Villagomez,125.0,559.0,87.0
25.873,Villapinzon,23.0,788.0,69.0
25.875,Villeta,55.0,1208.0,390.0
25.878,Viota,699.0,2810.415,986.0
25.885,Yacopi,285.0,4532.9400000000005,1025.0
25.898,Zipacon,11.0,9.0,8.0
25.899,Zipaquira,32.0,146.0,72.0
27.001,Quibdo,5320.08,11186.866,3801.0
27.006,Acandi,1665.0,8353.481,894.0
27.025,Alto Baudo,1708.0,21654.442,249.0
27.05,Atrato,746.0,5032.0,91.0
27.073,Bagado,2871.0,16612.085,179.0
27.075,Bahia Solano,790.0,5934.0,255.0
27.077,Bajo Baudo,1901.0,16168.736,188.0
27.099,Bojaya,1333.0,13253.551,471.0
27.135,El Canton Del San Pablo,446.0,3583.0,82.0
27.15,Carmen Del Darien,446.0,11073.213,309.0
27.16,Certegui,90.0,1151.0,55.0
27.205,Condoto,581.0,6362.153,328.0
27.245,El Carmen De Atrato,711.0,7765.096,629.0
27.25,El Litoral Del San Juan,2225.0,14323.655,187.0
27.361,Istmina,2070.0,9840.077,1036.0
27.372,Jurado,353.0,7436.0,297.0
27.413,Lloro,537.0,7838.979,174.0
27.425,Medio Atrato,746.0,7600.093,274.0
27.43,Medio Baudo,1299.0,10203.825,142.0
27.45,Medio San Juan,1123.0,9042.312,283.0
27.491,Novita,1115.0,6783.383,299.0
27.495,Nuqui,702.0,5142.0,121.0
27.58,Rio Iro,231.0,4006.0,101.0
27.6,Rio Quito,423.0,5659.0,58.0
27.615,Riosucio,2431.0,11772.518,1575.0
27.66,San Jose Del Palmar,811.0,7143.546,866.0
27.745,Sipi,341.0,6662.0,78.0
27.787,Tado,1182.0,10696.914,776.0
27.8,Unguia,726.0,10187.249,1124.0
27.81,Union Panamericana,170.0,819.0,112.0
41.001,Neiva,3148.0,5358.487,2739.0
41.006,Acevedo,894.0,4380.956,1126.0
41.013,Agrado,72.0,391.0,31.0
41.016,Aipe,417.0,3368.0,330.0
41.02,Algeciras,2709.0,5688.665,1912.0
41.026,Altamira,35.0,326.0,114.0
41.078,Baraya,622.0,4103.398,758.0
41.132,Campoalegre,575.0,4332.0,838.0
41.206,Colombia,675.0,4401.874,494.0
41.244,Elias,20.0,146.0,69.0
41.298,Garzon,841.0,3316.002,1058.0
41.306,Gigante,753.0,4307.435,723.0
41.319,Guadalupe,322.0,2610.0,306.0
41.349,Hobo,225.0,1402.0,245.0
41.357,Iquira,1028.0,4489.0,330.0
41.359,Isnos,998.0,4043.341,1049.0
41.378,La Argentina,487.0,2633.0,301.0
41.396,La Plata,1546.0,4689.43,788.0
41.483,Nataga,293.0,1829.0,216.0
41.503,Oporapa,191.0,1935.0,309.0
41.518,Paicol,30.0,208.0,33.0
41.524,Palermo,407.0,2456.0,283.0
41.53,Palestina,126.0,1243.0,421.0
41.548,Pital,138.0,901.0,147.0
41.551,Pitalito,1443.0,4295.395,1767.217
41.615,Rivera,250.0,1777.0,323.0
41.66,Saladoblanco,270.0,2087.0,440.0
41.668,San Agustin,865.0,4856.239,929.0
41.676,Santa Maria,377.0,2911.0,156.0
41.77,Suaza,410.0,2754.0,418.0
41.791,Tarqui,182.0,2883.0,479.0
41.797,Tesalia,182.0,1118.0,146.0
41.799,Tello,876.0,4826.174,396.0
41.801,Teruel,163.0,1183.0,190.0
41.807,Timana,185.0,1534.0,577.0
41.872,Villavieja,177.0,1218.0,83.0
41.885,Yaguara,46.0,234.0,23.0
44.001,Riohacha,1359.0,12429.075,3944.0
44.035,Albania,114.0,2105.0,196.0
44.078,Barrancas,410.0,6866.0,980.0
44.09,Dibulla,1195.0,9173.799,1250.0
44.098,Distraccion,215.0,1441.0,263.0
44.11,El Molino,61.0,5597.0,238.0
44.279,Fonseca,308.0,7787.725,1258.0
44.378,Hatonuevo,74.0,1174.0,253.0
44.42,La Jagua Del Pilar,45.0,1443.0,251.0
44.43,Maicao,1138.0,8854.217,3222.167
44.56,Manaure,86.0,1033.0,111.0
44.65,San Juan Del Cesar,297.0,13145.793,1438.0
44.847,Uribia,183.0,3468.0,121.0
44.855,Urumita,97.0,3681.0,517.0
44.874,Villanueva,256.0,5181.004,1114.0
47.001,Santa Marta,3316.0,10725.412,2741.658
47.03,Algarrobo,202.0,4892.27,524.0
47.053,Aracataca,639.0,5806.337,1976.0
47.058,Ariguani,372.0,5270.771,1001.0
47.161,Cerro San Antonio,208.0,4173.044,99.0
47.17,Chibolo,787.0,6218.753,539.0
47.189,Cienaga,1854.0,7295.533,2072.004
47.205,Concordia,113.0,3377.0,175.0
47.245,El Banco,864.0,4445.385,1367.0
47.258,El PiÃ±on,669.0,7744.68,510.0
47.268,El Reten,604.0,6376.0,477.0
47.288,Fundacion,842.0,7920.601,3165.0
47.318,Guamal,330.0,4083.0,479.0
47.46,Nueva Granada,88.0,2475.0,303.0
47.541,Pedraza,457.0,4445.0,111.0
47.545,PijiÃ±o Del Carmen,75.0,1721.0,103.0
47.551,Pivijay,2044.0,8931.328,1549.0
47.555,Plato,653.0,5555.251,1982.0
47.57,Puebloviejo,281.0,6193.869,475.0
47.605,Remolino,391.0,5467.017,642.0
47.66,Sabanas de San Angel,710.0,6028.963,433.0
47.675,Salamina,207.0,4427.914,307.0
47.692,San Sebastian De Buenavista,168.0,1974.0,265.0
47.703,San Zenon,90.0,645.0,130.0
47.707,Santa Ana,169.0,2481.0,250.0
47.72,Santa Barbara de Pinto,68.0,822.0,50.0
47.745,Sitionuevo,536.0,3228.282,985.0
47.798,Tenerife,760.0,4249.203,428.0
47.96,Zapayan,208.0,3668.0,134.0
47.98,Zona Bananera,1769.0,8216.145,3273.0
50.001,Villavicencio,2144.0,5154.453,2977.524
50.006,Acacias,755.0,4166.092,2193.0
50.11,Barranca De Upia,103.0,805.0,211.0
50.124,Cabuyaro,147.0,726.0,83.0
50.15,Castilla La Nueva,90.0,785.0,288.0
50.223,Cubarral,142.0,1821.0,538.0
50.226,Cumaral,165.0,2078.0,637.0
50.245,El Calvario,48.0,854.0,76.0
50.251,El Castillo,424.0,4769.562,1306.0
50.27,El Dorado,122.0,3710.0,341.0
50.287,Fuente De Oro,161.0,2247.0,822.0
50.313,Granada,1098.0,5063.869,1961.353
50.318,Guamal,157.0,1067.0,604.0
50.325,Mapiripan,1064.0,5926.559,858.0
50.33,Mesetas,839.0,6342.961,1546.0
50.35,La Macarena,1478.0,5707.264,910.0
50.37,Uribe,688.0,4439.235,725.0
50.4,Lejanias,446.0,3974.801,1062.0
50.45,Puerto Concordia,534.0,5353.618,866.0
50.568,Puerto Gaitan,1157.0,6272.275,917.0
50.573,Puerto Lopez,853.0,4701.138,1190.0
50.577,Puerto Lleras,505.0,4826.575,1447.0
50.59,Puerto Rico,1190.0,4591.533,1438.0
50.606,Restrepo,106.0,1304.0,476.0
50.68,San Carlos De Guaroa,169.0,1582.0,187.0
50.683,San Juan De Arama,349.0,4204.229,1599.0
50.686,San Juanito,110.0,861.0,71.0
50.689,San Martin,615.0,4184.0,1461.0
50.711,Vistahermosa,1540.0,5257.008,2925.0
52.001,Pasto,1192.0,6557.713,3094.0
52.019,Alban,953.0,3054.0,174.0
52.022,Aldana,32.0,150.0,180.0
52.036,Ancuya,196.0,663.0,229.0
52.051,Arboleda,95.0,555.0,89.0
52.079,Barbacoas,3716.0,16988.381,2619.0
52.083,Belen,209.0,1049.0,76.0
52.11,Buesaco,279.0,2868.0,281.0
52.203,Colon,356.0,2014.0,323.0
52.207,Consaca,62.0,583.0,122.0
52.21,Contadero,14.0,113.0,63.0
52.215,Cordoba,194.0,1707.0,155.0
52.224,Cuaspud,92.0,1776.0,353.0
52.227,Cumbal,490.0,2595.0,589.0
52.233,Cumbitara,1204.0,7806.066,1086.0
52.24,Chachagui,53.0,528.0,70.0
52.25,El Charco,4008.0,9646.347,1128.0
52.254,El PeÃ±ol,102.0,1354.0,291.0
52.256,El Rosario,865.0,5192.768,1061.0
52.258,El Tablon de Gomez,513.0,6561.608,329.0
52.26,El Tambo,189.0,1536.0,399.0
52.287,Funes,121.0,542.0,97.0
52.317,Guachucal,76.0,274.0,156.0
52.32,Guaitarilla,71.0,556.0,96.0
52.323,Gualmatan,18.0,49.0,30.0
52.352,Iles,11.0,124.0,7.0
52.354,Imues,23.0,104.0,77.0
52.356,Ipiales,2062.0,6203.128,1535.0
52.378,La Cruz,544.0,4014.0,389.0
52.381,La Florida,141.0,1755.0,191.0
52.385,La Llanada,327.0,3606.0,211.0
52.39,La Tola,1053.0,7573.557,196.0
52.399,La Union,422.0,2413.0,710.0
52.405,Leiva,1000.0,4222.669,1166.0
52.411,Linares,461.0,3647.0,501.0
52.418,Los Andes,457.0,4779.846,371.0
52.427,Magui,1342.0,6539.329,550.0
52.435,Mallama,398.0,2699.0,543.0
52.473,Mosquera,690.0,6599.121,304.0
52.48,NariÃ±o,140.0,873.0,127.0
52.49,Olaya Herrera,2524.0,10379.066,1509.0
52.506,Ospina,14.0,69.0,22.0
52.52,Francisco Pizarro,691.0,6279.2,187.0
52.54,Policarpa,3957.0,10789.360999999999,2238.0
52.56,Potosi,99.0,549.0,182.0
52.565,Providencia,106.0,812.0,174.0
52.573,Puerres,87.0,626.0,187.0
52.585,Pupiales,51.0,177.0,230.0
52.612,Ricaurte,1670.0,11060.764,1226.0
52.621,Roberto Payan,1058.0,7025.3060000000005,678.0
52.678,Samaniego,1779.0,13322.041,2258.0
52.683,Sandona,443.0,1835.0,247.0
52.685,San Bernardo,614.0,1420.0,187.0
52.687,San Lorenzo,133.0,1500.0,294.0
52.693,San Pablo,502.0,2866.0,521.0
52.694,San Pedro De Cartago,80.0,338.0,154.0
52.696,Santa Barbara,1669.0,7732.535,529.0
52.699,Santacruz,374.0,8290.137,610.0
52.72,Sapuyes,24.0,117.0,101.0
52.786,Taminango,258.0,2610.0,1390.0
52.788,Tangua,228.0,2463.0,89.0
52.835,San Andres De Tumaco,10794.59,23501.267,6560.848
52.838,Tuquerres,215.0,1215.0,722.0
52.885,Yacuanquer,38.0,186.0,39.0
54.001,Cucuta,3007.1,5171.714,3344.856
54.003,Abrego,635.0,5081.498,1554.0
54.051,Arboledas,85.0,2198.0,442.0
54.099,Bochalema,18.0,290.0,140.0
54.109,Bucarasica,183.0,3012.0,188.0
54.125,Cacota,14.0,100.0,47.0
54.128,Cachira,281.0,3455.0,569.0
54.172,Chinacota,58.0,472.0,374.0
54.174,Chitaga,100.0,860.0,371.0
54.206,Convencion,1452.0,2891.256,1439.0
54.223,Cucutilla,61.0,733.0,162.0
54.239,Durania,38.0,344.0,175.0
54.245,El Carmen,785.0,5639.764,862.0
54.25,El Tarra,1343.0,3826.525,1411.0
54.261,El Zulia,453.0,3644.045,1799.0
54.313,Gramalote,22.0,526.0,139.0
54.344,Hacari,1396.0,3697.958,788.0
54.347,Herran,15.0,361.0,53.0
54.377,Labateca,67.0,439.0,108.0
54.385,La Esperanza,250.0,4204.0,712.0
54.398,La Playa,371.0,4355.968,400.0
54.405,Los Patios,280.0,1500.0,1560.0
54.418,Lourdes,6.0,763.0,63.0
54.48,Mutiscua,6.0,94.0,13.0
54.498,OcaÃ±a,1995.0,6595.048,2122.371
54.518,Pamplona,89.0,701.0,692.0
54.52,Pamplonita,3.0,94.0,43.0
54.553,Puerto Santander,1022.0,4391.143,421.0
54.599,Ragonvalia,37.0,358.0,142.0
54.66,Salazar,71.0,1597.0,394.0
54.67,San Calixto,1334.0,2924.925,763.0
54.673,San Cayetano,36.0,327.0,175.0
54.68,Santiago,23.0,248.0,231.0
54.72,Sardinata,663.0,5128.418,1673.0
54.743,Silos,6.0,213.0,119.0
54.8,Teorama,1167.0,3244.246,1204.0
54.81,Tibu,3491.0,8081.074,3163.986
54.82,Toledo,406.0,2305.0,579.0
54.871,Villa Caro,19.0,341.0,93.0
54.874,Villa Del Rosario,1086.0,4712.0,1699.0
63.001,Armenia,527.0,3025.0,1057.0
63.111,Buenavista,14.0,93.0,36.0
63.13,Calarca,645.0,3433.0,610.0
63.19,Circasia,119.0,567.0,144.0
63.212,Cordoba,123.0,1227.0,216.0
63.272,Filandia,14.0,183.0,129.0
63.302,Genova,370.0,3568.0,1018.0
63.401,La Tebaida,123.0,620.0,168.0
63.47,Montenegro,184.0,1077.0,318.0
63.548,Pijao,221.0,2079.0,559.0
63.594,Quimbaya,98.0,766.0,532.0
63.69,Salento,143.0,719.0,216.0
66.001,Pereira,1236.0,4126.148,2107.381
66.045,Apia,193.0,1807.0,1194.0
66.075,Balboa,61.0,543.0,338.0
66.088,Belen De Umbria,303.0,3133.0,1763.0
66.17,Dosquebradas,397.0,1916.0,980.0
66.318,Guatica,262.0,3396.0,840.0
66.383,La Celia,99.0,1053.0,406.0
66.4,La Virginia,229.0,1757.0,1359.0
66.44,Marsella,46.0,594.0,449.0
66.456,Mistrato,965.0,7214.0,1746.0
66.572,Pueblo Rico,1929.0,14664.635,835.0
66.594,Quinchia,1649.0,7200.253,2671.0
66.682,Santa Rosa De Cabal,126.0,1115.0,454.0
66.687,Santuario,765.0,4124.0,731.0
68.001,Bucaramanga,787.0,5129.1939999999995,2830.028
68.013,Aguada,17.0,173.0,114.0
68.02,Albania,22.0,408.0,67.0
68.051,Aratoca,11.0,140.0,40.0
68.077,Barbosa,95.0,709.0,439.0
68.079,Barichara,13.0,92.0,2.0
68.081,Barrancabermeja,2620.0,6382.182,2353.066
68.092,Betulia,64.0,1714.0,221.0
68.101,Bolivar,187.0,4834.0,425.0
68.121,Cabrera,0.0,25.0,0.0
68.132,California,21.0,174.0,24.0
68.147,Capitanejo,101.0,1070.0,87.0
68.152,Carcasi,38.0,504.0,113.0
68.16,Cepita,2.0,267.0,18.0
68.162,Cerrito,29.0,1080.0,374.0
68.167,Charala,87.0,513.0,73.0
68.169,Charta,46.0,569.0,186.0
68.176,Chima,38.0,833.0,82.0
68.179,Chipata,27.0,149.0,39.0
68.19,Cimitarra,650.0,3862.154,1789.0
68.207,Concepcion,71.0,833.0,277.0
68.209,Confines,21.0,87.0,23.0
68.211,Contratacion,20.0,532.0,85.0
68.217,Coromoro,88.0,821.0,87.0
68.229,Curiti,10.0,102.0,16.0
68.235,El Carmen De Chucuri,216.0,3473.552,1151.0
68.245,El Guacamayo,29.0,223.0,83.0
68.25,El PeÃ±on,198.0,2154.0,357.0
68.255,El Playon,193.0,3319.279,1083.0
68.264,Encino,14.0,181.0,50.0
68.266,Enciso,6.0,275.0,56.0
68.271,Florian,73.0,1074.0,142.0
68.276,Floridablanca,141.0,1236.0,815.0
68.296,Galan,79.0,389.0,82.0
68.298,Gambita,29.0,508.0,27.0
68.307,Giron,194.0,3169.0,1257.0
68.318,Guaca,51.0,754.0,124.0
68.32,Guadalupe,9.0,116.0,36.0
68.322,Guapota,0.0,53.0,5.0
68.324,Guavata,34.0,263.0,87.0
68.327,Guepsa,7.0,116.0,86.0
68.344,Hato,26.0,654.0,105.0
68.368,Jesus Maria,17.0,186.0,38.0
68.37,Jordan,3.0,49.0,15.0
68.377,La Belleza,110.0,1890.0,194.0
68.385,Landazuri,297.0,4132.094,566.0
68.397,La Paz,78.0,692.0,254.0
68.406,Lebrija,242.0,3318.148,978.0
68.418,Los Santos,11.0,126.0,14.0
68.425,Macaravita,89.0,645.0,129.0
68.432,Malaga,89.0,1352.0,268.0
68.444,Matanza,252.0,2701.0,417.0
68.464,Mogotes,71.0,682.0,96.0
68.468,Molagavita,7.0,499.0,29.0
68.498,Ocamonte,5.0,85.0,7.0
68.5,Oiba,7.0,188.0,47.0
68.502,Onzaga,28.0,391.0,60.0
68.522,Palmar,1.0,54.0,36.0
68.524,Palmas Del Socorro,1.0,13.0,28.0
68.533,Paramo,0.0,32.0,27.0
68.547,Piedecuesta,144.0,1751.0,353.0
68.549,Pinchote,3.0,51.0,30.0
68.572,Puente Nacional,42.0,381.0,212.0
68.573,Puerto Parra,253.0,3218.0,608.0
68.575,Puerto Wilches,663.0,4709.425,1403.0
68.615,Rionegro,471.0,5339.473,1897.0
68.655,Sabana De Torres,437.0,4029.194,1951.0
68.669,San Andres,32.0,980.0,161.0
68.673,San Benito,22.0,306.0,175.0
68.679,San Gil,52.0,376.0,63.0
68.682,San Joaquin,11.0,211.0,4.0
68.684,San Jose De Miranda,12.0,203.0,64.0
68.686,San Miguel,14.0,195.0,38.0
68.689,San Vicente De Chucuri,424.0,4392.14,2140.0
68.705,Santa Barbara,5.0,286.0,29.0
68.72,Santa Helena Del Opon,151.0,2200.0,299.0
68.745,Simacota,226.0,3345.209,578.0
68.755,Socorro,46.0,434.0,107.0
68.77,Suaita,111.0,646.0,168.0
68.773,Sucre,168.0,2380.0,274.0
68.78,Surata,266.0,2453.0,373.0
68.82,Tona,12.0,567.0,240.0
68.855,Valle De San Jose,6.0,92.0,16.0
68.861,Velez,80.0,920.0,195.0
68.867,Vetas,1.0,100.0,37.0
68.872,Villanueva,2.0,78.0,9.0
68.895,Zapatoca,127.0,1180.0,258.0
70.001,Sincelejo,1077.0,8802.864,3615.0
70.11,Buenavista,144.0,4770.166,106.0
70.124,Caimito,65.0,2285.0,119.0
70.204,Coloso,251.0,9113.221,1174.0
70.215,Corozal,310.0,4021.0,840.0
70.221,CoveÃ±as,117.0,639.0,156.0
70.23,Chalan,290.0,6139.884,661.0
70.233,El Roble,382.0,4924.0,262.0
70.235,Galeras,1622.0,5719.107,399.0
70.265,Guaranda,496.0,5226.805,277.0
70.4,La Union,17.0,545.0,89.0
70.418,Los Palmitos,449.0,6348.014,569.0
70.429,Majagual,471.0,5841.492,408.0
70.473,Morroa,220.0,4500.767,603.0
70.508,Ovejas,1359.0,10392.577,2067.0
70.523,Palmito,480.0,3614.0,248.0
70.67,Sampues,237.0,3066.0,507.0
70.678,San Benito Abad,778.0,7321.1990000000005,540.0
70.702,San Juan De Betulia,134.0,2412.0,353.0
70.708,San Marcos,1251.0,6239.944,893.0
70.713,San Onofre,2765.0,8894.013,1531.0
70.717,San Pedro,477.0,4852.0,435.0
70.742,San Luis De Since,192.0,2460.0,304.0
70.771,Sucre,598.0,3494.277,327.0
70.82,Santiago De Tolu,137.0,3622.0,396.0
70.823,Tolu Viejo,556.0,10699.289,1329.0
73.001,Ibague,2577.0,4754.764,2321.0
73.024,Alpujarra,202.0,1851.0,99.0
73.026,Alvarado,278.0,2412.0,302.0
73.03,Ambalema,131.0,972.0,186.0
73.043,Anzoategui,788.0,4625.629,500.0
73.055,Armero,205.0,1963.0,497.0
73.067,Ataco,1843.0,5279.637,1536.0
73.124,Cajamarca,804.0,4193.455,457.0
73.148,Carmen De Apicala,30.0,322.0,38.0
73.152,Casabianca,163.0,2541.0,498.0
73.168,Chaparral,2558.0,4245.7,2924.0
73.2,Coello,85.0,621.0,59.0
73.217,Coyaima,1849.0,12051.47,883.0
73.226,Cunday,631.0,4402.537,390.0
73.236,Dolores,552.0,5095.0470000000005,519.0
73.268,Espinal,182.0,1267.0,206.0
73.27,Falan,125.0,2237.0,369.0
73.275,Flandes,110.0,436.0,83.0
73.283,Fresno,353.0,4035.068,1047.0
73.319,Guamo,253.0,2486.0,488.0
73.347,Herveo,134.0,2414.0,537.0
73.349,Honda,173.0,1074.0,785.0
73.352,Icononzo,470.0,4526.134,758.0
73.408,Lerida,237.0,3886.0,572.0
73.411,Libano,791.0,5660.478,1157.0
73.443,San Sebastian De Mariquita,264.0,2675.0,1081.0
73.449,Melgar,92.0,534.0,190.0
73.461,Murillo,190.0,2527.0,129.0
73.483,Natagaima,1712.0,10160.579,764.0
73.504,Ortega,1192.0,7594.88,838.0
73.52,Palocabildo,164.0,2906.0,380.0
73.547,Piedras,15.0,153.0,23.0
73.555,Planadas,2463.0,2881.226,1980.0
73.563,Prado,1618.0,5058.845,483.0
73.585,Purificacion,279.0,3004.0,282.0
73.616,Rioblanco,1701.0,3694.396,1751.0
73.622,Roncesvalles,408.0,4128.0,352.0
73.624,Rovira,1222.0,5973.632,903.0
73.671,SaldaÃ±a,198.0,2242.0,137.0
73.675,San Antonio,834.0,5890.432,1047.0
73.678,San Luis,1118.0,3579.0,274.0
73.686,Santa Isabel,564.0,4067.0,235.0
73.77,Suarez,20.0,267.0,34.0
73.854,Valle De San Juan,158.0,1510.0,151.0
73.861,Venadillo,305.0,3928.0,471.0
73.87,Villahermosa,404.0,3844.1549999999997,560.0
73.873,Villarrica,336.0,3689.248,223.0
76.001,Cali,6837.1759999999995,9731.117,3215.075
76.02,Alcala,163.0,935.0,633.0
76.036,Andalucia,159.0,1323.0,755.0
76.041,Ansermanuevo,181.0,1192.0,480.0
76.054,Argelia,129.0,1235.0,234.0
76.1,Bolivar,923.0,5199.046,1101.0
76.109,Buenaventura,10263.662,26022.492,5054.175
76.111,Guadalajara de Buga,652.0,5442.372,3126.0
76.113,Bugalagrande,486.0,4847.026,1377.0
76.122,Caicedonia,323.0,2878.0,1372.0
76.126,Calima,605.0,3370.0,524.0
76.13,Candelaria,286.0,1317.0,485.0
76.147,Cartago,460.0,2491.0,1216.0
76.233,Dagua,2624.0,7097.594,2393.0
76.243,El Aguila,265.0,1942.0,676.0
76.246,El Cairo,169.0,1847.0,560.0
76.248,El Cerrito,339.0,2982.0,678.0
76.25,El Dovio,899.0,5333.52,793.0
76.275,Florida,1752.0,8889.156,3474.0
76.306,Ginebra,241.0,1279.0,405.0
76.318,Guacari,264.0,1319.0,824.0
76.364,Jamundi,4473.0,8294.995,3504.0
76.377,La Cumbre,253.0,1531.0,344.0
76.4,La Union,274.0,1781.0,869.0
76.403,La Victoria,163.0,1091.0,328.0
76.497,Obando,142.0,828.0,435.0
76.52,Palmira,1414.0,5087.68,2006.0
76.563,Pradera,983.0,6611.15,1216.0
76.606,Restrepo,184.0,1733.0,729.0
76.616,Riofrio,844.0,3639.022,1544.0
76.622,Roldanillo,380.0,3278.0,1794.0
76.67,San Pedro,203.0,3888.0,656.0
76.736,Sevilla,599.0,4390.218,1553.0
76.823,Toro,210.0,1316.0,1243.0
76.828,Trujillo,1528.0,4283.724,1698.0
76.834,Tulua,2627.0,5579.481,2805.837
76.845,Ulloa,18.0,316.0,115.0
76.863,Versalles,144.0,1645.0,259.0
76.869,Vijes,85.0,353.0,243.0
76.89,Yotoco,138.0,665.0,613.0
76.892,Yumbo,390.0,1999.0,1095.0
76.895,Zarzal,327.0,1963.0,2019.0
81.001,Arauca,3929.0,5303.939,3642.0
81.065,Arauquita,4553.0,5641.591,2956.0
81.22,Cravo Norte,436.0,4283.0,387.0
81.3,Fortul,2376.0,5521.838,1909.128
81.591,Puerto Rondon,587.0,5448.0,662.0
81.736,Saravena,3730.051,5038.445,2573.802
81.794,Tame,4283.809,7707.096,3191.563
85.001,Yopal,1334.0,3876.189,1631.144
85.01,Aguazul,843.0,3838.677,2437.0
85.015,Chameza,132.0,2354.0,264.0
85.125,Hato Corozal,660.0,4230.0,896.0
85.136,La Salina,108.0,456.0,103.0
85.139,Mani,359.0,4172.034,505.0
85.162,Monterrey,435.0,2827.0,723.0
85.225,Nunchia,236.0,2103.0,511.0
85.23,Orocue,198.0,1688.0,316.0
85.25,Paz De Ariporo,497.0,4255.12,1695.0
85.263,Pore,347.0,3074.0,683.0
85.279,Recetor,205.0,2700.0,196.0
85.3,Sabanalarga,54.0,412.0,242.0
85.315,Sacama,215.0,1473.0,160.0
85.325,San Luis De Palenque,117.0,1162.0,411.0
85.4,Tamara,414.0,2640.0,432.0
85.41,Tauramena,410.0,4464.0,856.0
85.43,Trinidad,133.0,2036.0,566.0
85.44,Villanueva,300.0,4399.0,802.0
86.001,Mocoa,860.0,5714.858,2763.0
86.219,Colon,100.0,714.0,94.0
86.32,Orito,3164.0,13096.880000000001,3379.17
86.568,Puerto Asis,4108.0,13379.598,3686.264
86.569,Puerto Caicedo,1001.0,8914.661,2485.0
86.571,Puerto Guzman,4655.0,8167.187,3013.0
86.573,Puerto Leguizamo,3718.0,9356.214,1354.0
86.749,Sibundoy,166.0,1374.0,284.0
86.755,San Francisco,267.0,1392.0,171.0
86.757,San Miguel,2573.0,9500.202,2370.0
86.76,Santiago,406.0,2260.0,156.0
86.865,Valle del Guamuez,2896.0,11420.607,2757.576
86.885,Villagarzon,835.0,8556.137,2296.0
88.001,San Andres,16.0,102.0,40.0
88.564,Providencia,0.0,7.0,5.0
91.001,Leticia,354.0,1544.0,137.0
91.263,El Encanto,46.0,280.0,6.0
91.405,La Chorrera,117.0,214.0,5.0
91.407,La Pedrera,59.0,247.0,9.0
91.43,La Victoria,4.0,77.0,22.0
91.46,Miriti - Parana,20.0,71.0,0.0
91.53,Puerto Alegria,41.0,246.0,12.0
91.536,Puerto Arica,70.0,271.0,8.0
91.54,Puerto NariÃ±o,37.0,102.0,0.0
91.669,Puerto Santander,153.0,506.0,42.0
91.798,Tarapaca,77.0,285.0,0.0
94.001,Inirida,763.0,5305.0,118.0
94.343,Barranco Minas,302.0,3414.0,11.0
94.663,Mapiripana,29.0,669.0,6.0
94.883,San Felipe,12.0,250.0,8.0
94.884,Puerto Colombia,26.0,361.0,7.0
94.885,La Guadalupe,1.0,16.0,0.0
94.886,Cacahual,8.0,39.0,4.0
94.887,Pana Pana,1.0,63.0,3.0
94.888,Morichal,5.0,336.0,3.0
95.001,San Jose Del Guaviare,3433.0,10737.289,2177.245
95.015,Calamar,626.0,4399.8949999999995,892.0
95.025,El Retorno,757.0,6208.848,1265.0
95.2,Miraflores,733.0,6664.339,1030.0
97.001,Mitu,1420.0,9090.0,420.0
97.161,Caruru,225.0,1974.0,34.0
97.511,Pacoa,18.0,252.0,0.0
97.666,Taraira,43.0,237.0,0.0
97.777,Papunaua,1.0,77.0,0.0
97.889,Yavarate,4.0,49.0,0.0
99.001,Puerto CarreÃ±o,756.0,3742.0,234.0
99.524,La Primavera,305.0,3116.0,198.0
99.572,Santa Rita,4.0,138.0,0.0
99.624,Santa Rosalia,66.0,1027.0,74.0
99.76,San Jose de Ocune,12.0,699.0,5.0
99.773,Cumaribo,1102.0,9682.9,565.0
